CanonicalRuleID,Rule,Study,Architectural Scope (Dimension),Category,Subcategory,Justification
CR001,API endpoints and their contracts shall maintain traceable mapping to domain model elements.,S19,Bondary Architecture Checking,Domain Boundary,Domain-API Contract Mapping,Aplica as restrições de DDD para isolar o coração do negócio em Macro-Architecture Conformance Checking.
CR002,API endpoints shall be based on tactical DDD elements: Aggregate Roots or Domain Services.,S19,Bondary Architecture Checking,Domain Boundary,Domain-API Contract Mapping,Aplica as restrições de DDD para isolar o coração do negócio em Macro-Architecture Conformance Checking.
CR003,API operations shall capture specific domain tasks and events instead of generic database operations.,S15,Bondary Architecture Checking,Domain Boundary,Domain-API Contract Mapping,Aplica as restrições de DDD para isolar o coração do negócio em Macro-Architecture Conformance Checking.
CR004,API representation structure shall match corresponding domain event structures.,S15;S18,Bondary Architecture Checking,Domain Boundary,Domain-API Contract Mapping,Mapeia a lógica de negócio interna diretamente para as interfaces expostas.
CR005,API representation shall retain domain linkage without flattening complex domain structures into primitive DTO properties.,S19,Bondary Architecture Checking,Domain Boundary,Domain-API Contract Mapping,Mapeia a lógica de negócio interna diretamente para as interfaces expostas.
CR006,Each Bounded Context shall be mapped to exactly one microservice to enforce domain boundaries.,S19,Bondary Architecture Checking,Domain Boundary,Bounded Context & Model Isolation,Aplica as restrições de DDD para isolar o coração do negócio em Macro-Architecture Conformance Checking.
CR007,Each Microservice API shall expose only its own Bounded Context models.,S19,Bondary Architecture Checking,Domain Boundary,Bounded Context & Model Isolation,Aplica as restrições de DDD para isolar o coração do negócio em Macro-Architecture Conformance Checking.
CR008,Microservice APIs shall not leak internal domain models directly to external clients.,S15;S18,Bondary Architecture Checking,Domain Boundary,Bounded Context & Model Isolation,Aplica as restrições de DDD para isolar o coração do negócio em Macro-Architecture Conformance Checking.
CR009,Microservice APIs shall optimize payloads for remote client consumption rather than exposing raw domain data.,S24;S27,Micro-Architecture Conformance Checking,Inter-Service Communication,Coupling & Dependency Management,Garante o acoplamento fraco e controle de dependências entre componentes em Macro-Architecture Conformance Checking.
CR010,Microservices shall access domain data from other contexts exclusively through explicit Facade endpoints.,S24,Micro-Architecture Conformance Checking,Inter-Service Communication,Synchronous Interaction & API Gateway Governance,Trata de roteamentos síncronos e centralização controlada de tráfego.
CR011,Microservices shall encapsulate internal business logic behind explicit Facade service layers.,S24,Micro-Architecture Conformance Checking,Inter-Service Communication,Coupling & Dependency Management,Garante o acoplamento fraco e controle de dependências entre componentes em Macro-Architecture Conformance Checking.
CR012,Microservices shall isolate their domain boundaries from direct external access using a Facade interface.,S24,Micro-Architecture Conformance Checking,Domain Boundary,Bounded Context & Model Isolation,Aplica as restrições de DDD para isolar o coração do negócio em Macro-Architecture Conformance Checking.
CR013,Aggregated data queries spanning multiple microservices shall be implemented via CQRS read models or composition services.,S24,Micro-Architecture Conformance Checking,Inter-Service Communication,Synchronous Interaction & API Gateway Governance,Trata de roteamentos síncronos e centralização controlada de tráfego.
CR014,State-changing operations (Commands) shall be handled by separate specialized endpoints from data retrieval operations (Queries).,S24,Micro-Architecture Conformance Checking,Inter-Service Communication,Synchronous Interaction & API Gateway Governance,Trata de roteamentos síncronos e centralização controlada de tráfego.
CR015,State mutations shall trigger asynchronous events to update separate read-optimized data models.,S27,Micro-Architecture Conformance Checking,Inter-Service Communication,Asynchronous & Non-Blocking Interaction,Evita acoplamento temporal e bloqueios de thread na comunicação entre microsserviços.
CR016,External clients shall access system capabilities through a centralized API Gateway rather than contacting internal microservices directly.,S24,Micro-Architecture Conformance Checking,Inter-Service Communication,Synchronous Interaction & API Gateway Governance,Trata de roteamentos síncronos e centralização controlada de tráfego.
CR017,Internal microservices shall reject incoming traffic that does not originate from or pass through the authorized API Gateway.,S15,Bondary Architecture Checking,Security,Identity & Access Management (IAM),Garante o controle de acesso e proteção das fronteiras físicas e virtuais no escopo Macro-Architecture Conformance Checking.
CR018,The API Gateway shall validate authorization tokens before routing requests to internal microservices.,S02,Inter-Service Compliance Checking,Security,Identity & Access Management (IAM),Garante o controle de acesso e proteção das fronteiras físicas e virtuais no escopo Macro-Architecture Conformance Checking.
CR019,Composition or aggregation services shall be read-only and prohibited from executing domain state mutations.,S09,Inter-Service Compliance Checking,Inter-Service Communication,Synchronous Interaction & API Gateway Governance,Trata de roteamentos síncronos e centralização controlada de tráfego.
CR020,Inter-application communication shall use standardized integration interfaces.,S04;S10,Inter-Service Compliance Checking,Inter-Service Communication,Coupling & Dependency Management,Garante o acoplamento fraco e controle de dependências entre componentes em Macro-Architecture Conformance Checking.
CR021,Microservices shall define explicit and versioned API contract specifications for any exposed interfaces.,S16,Inter-Service Compliance Checking,Inter-Service Communication,Coupling & Dependency Management,Garante o acoplamento fraco e controle de dependências entre componentes em Macro-Architecture Conformance Checking.
CR022,Microservices shall implement rate-limiting controls to prevent overloading downstream dependencies.,S16,Inter-Service Compliance Checking,Operational Resilience & Observability,Fault Tolerance & Self-Healing,Mitiga falhas e garante alta disponibilidade sob o escopo Macro-Architecture Conformance Checking.
CR023,Remote service calls shall use circuit breakers and fallbacks to prevent cascading system failures.,S01,Bondary Architecture Checking,Operational Resilience & Observability,Fault Tolerance & Self-Healing,Mitiga falhas e garante alta disponibilidade sob o escopo Macro-Architecture Conformance Checking.
CR024,All public-facing microservice APIs shall be accompanied by up-to-date documentation using formal interface description formats.,S20,Inter-Service Compliance Checking,Inter-Service Communication,Coupling & Dependency Management,Garante o acoplamento fraco e controle de dependências entre componentes em Macro-Architecture Conformance Checking.
CR025,Value Objects and Domain Events shall be the primary elements exposed in integration interfaces.,S27,Bondary Architecture Checking,Domain Boundary,Domain-API Contract Mapping,Aplica as restrições de DDD para isolar o coração do negócio em Macro-Architecture Conformance Checking.
CR026,Cross-context communication shall be mediated through explicit integration interfaces to prevent domain model contamination.,S01,Micro-Architecture Conformance Checking,Inter-Service Communication,Coupling & Dependency Management,Garante o acoplamento fraco e controle de dependências entre componentes em Macro-Architecture Conformance Checking.
CR027,An Aggregate shall only be modified through its designated Aggregate Root entity.,S15,Bondary Architecture Checking,Domain Boundary,Tactical DDD Pattern Enforcement,Aplica as restrições de DDD para isolar o coração do negócio em Micro-Architecture Conformance Checking.
CR028,Entities within an Aggregate boundary shall maintain strict reference consistency and never be referenced directly from outside the Aggregate.,S15,Bondary Architecture Checking,Domain Boundary,Tactical DDD Pattern Enforcement,Aplica as restrições de DDD para isolar o coração do negócio em Micro-Architecture Conformance Checking.
CR029,External references to an Aggregate shall only capture the unique identity (ID) of its Aggregate Root.,S15,Bondary Architecture Checking,Domain Boundary,Tactical DDD Pattern Enforcement,Aplica as restrições de DDD para isolar o coração do negócio em Micro-Architecture Conformance Checking.
CR030,All data persistence operations for entities within an Aggregate shall be performed exclusively through the Aggregate Root's Repository.,S15,Bondary Architecture Checking,Data Management,Persistence Layer Purity & Encapsulation,Preserva a soberania e o isolamento dos dados de cada componente no nível Micro-Architecture Conformance Checking.
CR031,Complex business object instantiation spanning multiple entities within an Aggregate shall be encapsulated inside dedicated Factory components.,S06;S11,Bondary Architecture Checking,Domain Boundary,Tactical DDD Pattern Enforcement,Aplica as restrições de DDD para isolar o coração do negócio em Micro-Architecture Conformance Checking.
CR032,Factories shall enforce all invariant and semantic completeness rules during the creation of domain objects.,S20,Bondary Architecture Checking,Domain Boundary,Tactical DDD Pattern Enforcement,Aplica as restrições de DDD para isolar o coração do negócio em Micro-Architecture Conformance Checking.
CR033,Each architectural module shall expose its features through a restricted public interface and completely encapsulate its internal implementation details.,S25,Bondary Architecture Checking,Modularity & Deployment Autonomy,Internal Modularity & Package Separation,Governa a coesão interna do código para evitar o acoplamento local.
CR034,Modules shall maintain unidirectional dependency flows and strictly avoid cyclic architectural dependencies.,S25,Bondary Architecture Checking,Modularity & Deployment Autonomy,Internal Modularity & Package Separation,Governa a coesão interna do código para evitar o acoplamento local.
CR035,Sensitive application data shall be encrypted both at rest and in transit using approved cryptographic protocols.,S05;S12,Inter-Service Compliance Checking,Security,Network Security & Traffic Protection,Garante o controle de acesso e proteção das fronteiras físicas e virtuais no escopo Micro-Architecture Conformance Checking.
CR036,Database connection credentials and secrets shall be retrieved securely from externalized environment vaults rather than plaintext configuration files.,S25,Micro-Architecture Conformance Checking,Security,Identity & Access Management (IAM),Garante o controle de acesso e proteção das fronteiras físicas e virtuais no escopo Micro-Architecture Conformance Checking.
CR037,Internal helper services shall remain internal to their module and never be exposed as public entry points.,S02,Micro-Architecture Conformance Checking,Modularity & Deployment Autonomy,Internal Modularity & Package Separation,Governa a coesão interna do código para evitar o acoplamento local.
CR038,Code elements within the domain layer shall depend exclusively on domain abstractions and maintain complete independence from infrastructural or database frameworks.,S20,Bondary Architecture Checking,Domain Boundary,Tactical DDD Pattern Enforcement,Aplica as restrições de DDD para isolar o coração do negócio em Micro-Architecture Conformance Checking.
CR039,Data Access Objects (DAOs) and persistence entities shall be isolated within the infrastructure layer and never leak into the domain layer.,S27,Micro-Architecture Conformance Checking,Data Management,Persistence Layer Purity & Encapsulation,Preserva a soberania e o isolamento dos dados de cada componente no nível Micro-Architecture Conformance Checking.
CR040,The Domain Layer shall be clean of any technical persistence concerns or framework annotations.,S01,Micro-Architecture Conformance Checking,Data Management,Persistence Layer Purity & Encapsulation,Preserva a soberania e o isolamento dos dados de cada componente no nível Micro-Architecture Conformance Checking.
CR041,Domain Events shall contain unique identifiers and metadata enabling full upstream causation and correlation traceability.,S20,Inter-Service Compliance Checking,Operational Resilience & Observability,Distributed Telemetry & Observability,Regula o monitoramento e rastreabilidade necessários para manter a visibilidade operacional em Micro-Architecture Conformance Checking.
CR042,Domain Events shall be treated as immutable data structures representing facts that occurred in the past.,S01,Bondary Architecture Checking,Inter-Service Communication,Asynchronous & Non-Blocking Interaction,Evita acoplamento temporal e bloqueios de thread na comunicação entre microsserviços.
CR043,Domain Events shall capture precise business semantic state changes and contain accurate operational timestamps.,S24,Micro-Architecture Conformance Checking,Operational Resilience & Observability,Distributed Telemetry & Observability,Regula o monitoramento e rastreabilidade necessários para manter a visibilidade operacional em Micro-Architecture Conformance Checking.
CR044,Domain Events shall contain comprehensive origin context information to trace the service and component responsible for the event emission.,S24,Micro-Architecture Conformance Checking,Operational Resilience & Observability,Distributed Telemetry & Observability,Regula o monitoramento e rastreabilidade necessários para manter a visibilidade operacional em Micro-Architecture Conformance Checking.
CR045,Domain Services shall be completely stateless and focus exclusively on business logic execution.,S24,Micro-Architecture Conformance Checking,Domain Boundary,Tactical DDD Pattern Enforcement,Aplica as restrições de DDD para isolar o coração do negócio em Micro-Architecture Conformance Checking.
CR046,Domain Services shall only encompass domain behaviors that do not naturally belong to a specific Entity or Aggregate Root.,S24,Micro-Architecture Conformance Checking,Domain Boundary,Tactical DDD Pattern Enforcement,Aplica as restrições de DDD para isolar o coração do negócio em Micro-Architecture Conformance Checking.
CR047,Business actions spanning multiple distinct Aggregates shall be coordinated via dedicated Domain Services.,S24,Micro-Architecture Conformance Checking,Domain Boundary,Tactical DDD Pattern Enforcement,Aplica as restrições de DDD para isolar o coração do negócio em Micro-Architecture Conformance Checking.
CR048,An Aggregate boundary shall contain exactly one designated Aggregate Root entity.,S24,Micro-Architecture Conformance Checking,Domain Boundary,Tactical DDD Pattern Enforcement,Aplica as restrições de DDD para isolar o coração do negócio em Micro-Architecture Conformance Checking.
CR049,Every Domain Event published within the system shall be uniquely identifiable.,S19,Bondary Architecture Checking,Operational Resilience & Observability,Distributed Telemetry & Observability,Regula o monitoramento e rastreabilidade necessários para manter a visibilidade operacional em Micro-Architecture Conformance Checking.
CR050,Every Domain Entity shall possess a unique identity that distinguishes it from other entities of the same type.,S19,Bondary Architecture Checking,Domain Boundary,Tactical DDD Pattern Enforcement,Aplica as restrições de DDD para isolar o coração do negócio em Micro-Architecture Conformance Checking.
CR051,A transaction scope shall encompass the modification of exactly one single Aggregate instance.,S27,Micro-Architecture Conformance Checking,Domain Boundary,Tactical DDD Pattern Enforcement,Aplica as restrições de DDD para isolar o coração do negócio em Micro-Architecture Conformance Checking.
CR052,Modules shall maintain high cohesive semantic alignment by grouping tightly related business concepts together.,S24,Micro-Architecture Conformance Checking,Modularity & Deployment Autonomy,Internal Modularity & Package Separation,Governa a coesão interna do código para evitar o acoplamento local.
CR053,Factories shall be the exclusive mechanism used to instantiate complex entities and aggregates.,S24,Micro-Architecture Conformance Checking,Domain Boundary,Tactical DDD Pattern Enforcement,Aplica as restrições de DDD para isolar o coração do negócio em Micro-Architecture Conformance Checking.
CR054,Modules shall minimize external dependencies and strictly control outward coupling.,S27,Micro-Architecture Conformance Checking,Modularity & Deployment Autonomy,Internal Modularity & Package Separation,Governa a coesão interna do código para evitar o acoplamento local.
CR055,Repositories shall restrict their responsibilities strictly to persistence management and basic collection-like data operations.,S24,Micro-Architecture Conformance Checking,Data Management,Persistence Layer Purity & Encapsulation,Preserva a soberania e o isolamento dos dados de cada componente no nível Micro-Architecture Conformance Checking.
CR056,Repositories shall remain entirely stateless components.,S09,Bondary Architecture Checking,Data Management,Persistence Layer Purity & Encapsulation,Preserva a soberania e o isolamento dos dados de cada componente no nível Micro-Architecture Conformance Checking.
CR057,Repositories shall hide database implementation details and map infrastructure data structures directly to clean domain models.,S04;S10,Inter-Service Compliance Checking,Data Management,Persistence Layer Purity & Encapsulation,Preserva a soberania e o isolamento dos dados de cada componente no nível Micro-Architecture Conformance Checking.
CR058,Modules shall communicate with each other exclusively through public interfaces and completely avoid direct internal class coupling.,S20,Inter-Service Compliance Checking,Modularity & Deployment Autonomy,Internal Modularity & Package Separation,Governa a coesão interna do código para evitar o acoplamento local.
CR059,Value Objects shall capture specific domain concepts and enforce their intrinsic validation invariants upon construction.,S01,Micro-Architecture Conformance Checking,Domain Boundary,Tactical DDD Pattern Enforcement,Aplica as restrições de DDD para isolar o coração do negócio em Micro-Architecture Conformance Checking.
CR060,Each microservice shall be deployed independently without requiring synchronized rollouts or coordinating deployment dependencies with other services.,S20,Inter-Service Compliance Checking,Modularity & Deployment Autonomy,Independent Deployment & Lifecycle,Assegura a capacidade de entrega e evolução isolada das unidades funcionais.
CR061,Microservices shall maintain strict structural isolation at runtime avoiding any shared compute or in-memory execution states.,S03,Inter-Service Compliance Checking,Modularity & Deployment Autonomy,Independent Deployment & Lifecycle,Assegura a capacidade de entrega e evolução isolada das unidades funcionais.
CR062,Microservices shall implement robust fault tolerance mechanisms such as timeout limits and retry strategies on all remote invocations.,S19,Bondary Architecture Checking,Operational Resilience & Observability,Fault Tolerance & Self-Healing,Mitiga falhas e garante alta disponibilidade sob o escopo Inter-Service Compliance Checking.
CR063,Downstream service instances shall be monitored dynamically with failing instances isolated automatically from active traffic routing.,S24,Micro-Architecture Conformance Checking,Operational Resilience & Observability,Fault Tolerance & Self-Healing,Mitiga falhas e garante alta disponibilidade sob o escopo Inter-Service Compliance Checking.
CR064,Microservices shall integrate dynamic service discovery mechanisms to look up network locations of target dependencies dynamically.,S27,Micro-Architecture Conformance Checking,Operational Resilience & Observability,Fault Tolerance & Self-Healing,Mitiga falhas e garante alta disponibilidade sob o escopo Inter-Service Compliance Checking.
CR065,Microservices shall output standardized telemetry and operational logs to centralized monitoring infrastructure.,S24,Micro-Architecture Conformance Checking,Operational Resilience & Observability,Distributed Telemetry & Observability,Regula o monitoramento e rastreabilidade necessários para manter a visibilidade operacional em Inter-Service Compliance Checking.
CR066,Inter-service write operations shall prioritize asynchronous message brokers or event-driven interaction styles over blocking synchronous calls.,S24,Micro-Architecture Conformance Checking,Inter-Service Communication,Asynchronous & Non-Blocking Interaction,Evita acoplamento temporal e bloqueios de thread na comunicação entre microsserviços.
CR067,Microservices shall use non-blocking reactive patterns for long-running business workflows to decouple execution thread lifecycles.,S24,Micro-Architecture Conformance Checking,Inter-Service Communication,Asynchronous & Non-Blocking Interaction,Evita acoplamento temporal e bloqueios de thread na comunicação entre microsserviços.
CR068,Data aggregation requirements involving multiple microservices shall be fulfilled using specialized read-only query composition services.,S09,Inter-Service Compliance Checking,Inter-Service Communication,Synchronous Interaction & API Gateway Governance,Trata de roteamentos síncronos e centralização controlada de tráfego.
CR069,Each microservice shall maintain absolute ownership over its private database schema prohibiting external services from bypassing its API.,S19,Bondary Architecture Checking,Data Management,Database-per-Microservice Ownership,Preserva a soberania e o isolamento dos dados de cada componente no nível Inter-Service Compliance Checking.
CR070,Microservices shall be packaged and run inside isolated infrastructure containers to guarantee strict resource isolation.,S01,Micro-Architecture Conformance Checking,Modularity & Deployment Autonomy,Independent Deployment & Lifecycle,Assegura a capacidade de entrega e evolução isolada das unidades funcionais.
CR071,Each microservice shall encapsulate a single highly cohesive business capability aligned with its Single Responsibility principle.,S05;S12,Inter-Service Compliance Checking,Modularity & Deployment Autonomy,Independent Deployment & Lifecycle,Assegura a capacidade de entrega e evolução isolada das unidades funcionais.
CR072,Microservices shall be equipped with automated self-healing and recovery scripts to handle runtime instance crashes independently.,S16,Inter-Service Compliance Checking,Operational Resilience & Observability,Fault Tolerance & Self-Healing,Mitiga falhas e garante alta disponibilidade sob o escopo Inter-Service Compliance Checking.
CR073,Microservices shall minimize external dependencies to maintain high runtime operational autonomy.,S17;S21,Inter-Service Compliance Checking,Modularity & Deployment Autonomy,Independent Deployment & Lifecycle,Assegura a capacidade de entrega e evolução isolada das unidades funcionais.
CR074,"Microservice network boundaries shall be tightly controlled, enforcing mutual TLS or dedicated security constraints on all inter-service traffic.",S16,Inter-Service Compliance Checking,Security,Network Security & Traffic Protection,Garante o controle de acesso e proteção das fronteiras físicas e virtuais no escopo Inter-Service Compliance Checking.
CR075,Asynchronous messaging infrastructure shall enforce message durability configurations to guarantee delivery under transport failures.,S06;S11,Inter-Service Compliance Checking,Inter-Service Communication,Asynchronous & Non-Blocking Interaction,Evita acoplamento temporal e bloqueios de thread na comunicação entre microsserviços.
CR076,Microservices shall support independent replica scaling without breaking shared state synchronization invariants.,S19,Bondary Architecture Checking,Modularity & Deployment Autonomy,Independent Deployment & Lifecycle,Assegura a capacidade de entrega e evolução isolada das unidades funcionais.
CR077,Microservices shall preserve internal data representation boundaries and prevent business internal concepts from leaking across interfaces.,S20,Inter-Service Compliance Checking,Modularity & Deployment Autonomy,Independent Deployment & Lifecycle,Assegura a capacidade de entrega e evolução isolada das unidades funcionais.
CR078,Microservice systems shall avoid structural bottlenecks by distributing compute load evenly across horizontal scaling instances.,S20,Inter-Service Compliance Checking,Modularity & Deployment Autonomy,Independent Deployment & Lifecycle,Assegura a capacidade de entrega e evolução isolada das unidades funcionais.
CR079,Each microservice shall choose its own technology stack and programming language independently based on its functional needs.,S22,Inter-Service Compliance Checking,Modularity & Deployment Autonomy,Independent Deployment & Lifecycle,Assegura a capacidade de entrega e evolução isolada das unidades funcionais.
CR080,Direct database-level integration between different microservices is strictly forbidden.,S22,Inter-Service Compliance Checking,Data Management,Database-per-Microservice Ownership,Preserva a soberania e o isolamento dos dados de cada componente no nível Inter-Service Compliance Checking.
CR081,Inter-service communication graphs shall remain completely acyclic.,S17;S21,Inter-Service Compliance Checking,Inter-Service Communication,Coupling & Dependency Management,Garante o acoplamento fraco e controle de dependências entre componentes em Inter-Service Compliance Checking.
CR082,Microservices shall align their functional scope directly with the strategic boundaries of a business Domain-Driven Design model.,S03,Inter-Service Compliance Checking,Inter-Service Communication,Coupling & Dependency Management,Garante o acoplamento fraco e controle de dependências entre componentes em Inter-Service Compliance Checking.
CR083,Network payloads and service interactions shall be optimized to reduce network overhead and maximize communication efficiency.,S03,Inter-Service Compliance Checking,Inter-Service Communication,Coupling & Dependency Management,Garante o acoplamento fraco e controle de dependências entre componentes em Inter-Service Compliance Checking.
CR084,Microservices shall maintain an appropriately small operational granularity corresponding to a manageable codebase size.,S22,Inter-Service Compliance Checking,Inter-Service Communication,Coupling & Dependency Management,Garante o acoplamento fraco e controle de dependências entre componentes em Inter-Service Compliance Checking.
CR085,All inter-service requests shall propagate standard correlation IDs to enable end-to-end distributed transaction tracing.,S03,Inter-Service Compliance Checking,Operational Resilience & Observability,Distributed Telemetry & Observability,Regula o monitoramento e rastreabilidade necessários para manter a visibilidade operacional em Inter-Service Compliance Checking.
CR086,Microservices shall run continuous liveness and readiness health checks to signal active container operational states.,S20,Inter-Service Compliance Checking,Operational Resilience & Observability,Fault Tolerance & Self-Healing,Mitiga falhas e garante alta disponibilidade sob o escopo Inter-Service Compliance Checking.
CR087,Microservices shall ingest configuration parameters exclusively via external environment variables to decouple code from hosting infrastructure.,S03,Inter-Service Compliance Checking,Modularity & Deployment Autonomy,Independent Deployment & Lifecycle,Assegura a capacidade de entrega e evolução isolada das unidades funcionais.
CR088,Network traffic inside the microservice cluster shall pass through specialized filters and firewalls to block unauthorized access vectors.,S14,Inter-Service Compliance Checking,Security,Network Security & Traffic Protection,Garante o controle de acesso e proteção das fronteiras físicas e virtuais no escopo Inter-Service Compliance Checking.
CR089,"Microservices shall implement secure cross-cutting identity authentication mechanisms, such as JWT and single sign-on protocols.",S20,Inter-Service Compliance Checking,Security,Identity & Access Management (IAM),Garante o controle de acesso e proteção das fronteiras físicas e virtuais no escopo Inter-Service Compliance Checking.
CR090,Microservices shall not have cyclic dependencies.,S14;S22,Inter-Service Compliance Checking,Inter-Service Communication,Coupling & Dependency Management,Garante o acoplamento fraco e controle de dependências entre componentes em Inter-Service Compliance Checking.
CR091,Microservices should avoid bottlenecks and excessive network latency.,S03,Inter-Service Compliance Checking,Inter-Service Communication,Coupling & Dependency Management,Garante o acoplamento fraco e controle de dependências entre componentes em Inter-Service Compliance Checking.
CR092,Microservices should avoid sharing other services.,S05;S12,Inter-Service Compliance Checking,Inter-Service Communication,Coupling & Dependency Management,Garante o acoplamento fraco e controle de dependências entre componentes em Inter-Service Compliance Checking.
CR093,"Microservices should be loosely coupled to enable independent development, deployment, and scalability.",S05;S12,Inter-Service Compliance Checking,Inter-Service Communication,Coupling & Dependency Management,Garante o acoplamento fraco e controle de dependências entre componentes em Inter-Service Compliance Checking.
CR094,Microservices should be organized around business capabilities.,S03,Inter-Service Compliance Checking,Inter-Service Communication,Synchronous Interaction & API Gateway Governance,Trata de roteamentos síncronos e centralização controlada de tráfego.
CR095,Microservices should exhibit loose coupling and high cohesion.,S03,Inter-Service Compliance Checking,Inter-Service Communication,Coupling & Dependency Management,Garante o acoplamento fraco e controle de dependências entre componentes em Inter-Service Compliance Checking.
CR096,Microservices should minimize network complexity.,S03,Inter-Service Compliance Checking,Inter-Service Communication,Coupling & Dependency Management,Garante o acoplamento fraco e controle de dependências entre componentes em Inter-Service Compliance Checking.
CR097,Microservices should not be organized around business entities.,S03,Inter-Service Compliance Checking,Domain Boundary,Domain-API Contract Mapping,Mapeia a lógica de negócio interna diretamente para as interfaces expostas.
CR098,Microservices should not have cyclic dependencies.,S03,Inter-Service Compliance Checking,Inter-Service Communication,Coupling & Dependency Management,Garante o acoplamento fraco e controle de dependências entre componentes em Inter-Service Compliance Checking.
CR099,Microservices should remain small.,S03,Inter-Service Compliance Checking,Inter-Service Communication,Coupling & Dependency Management,Garante o acoplamento fraco e controle de dependências entre componentes em Inter-Service Compliance Checking.
CR100,Microservices should support end-to-end tracing and monitoring.,S06;S11,Inter-Service Compliance Checking,Operational Resilience & Observability,Distributed Telemetry & Observability,Regula o monitoramento e rastreabilidade necessários para manter a visibilidade operacional em Inter-Service Compliance Checking.
CR101,Microservices should tolerate failures in calls to dependent services.,S04;S10,Inter-Service Compliance Checking,Operational Resilience & Observability,Fault Tolerance & Self-Healing,Mitiga falhas e garante alta disponibilidade sob o escopo Inter-Service Compliance Checking.
CR102,Operating system performance and resource metrics shall be collected.,S16,Inter-Service Compliance Checking,Operational Resilience & Observability,Distributed Telemetry & Observability,Regula o monitoramento e rastreabilidade necessários para manter a visibilidade operacional em Inter-Service Compliance Checking.
CR103,Public interfaces of a Bounded Context shall return only Value Objects or Domain Events.,S27,Bondary Architecture Checking,Inter-Service Communication,Coupling & Dependency Management,Garante o acoplamento fraco e controle de dependências entre componentes em Macro-Architecture Conformance Checking.
CR104,Query services shall expose read operations only.,S20,Bondary Architecture Checking,Inter-Service Communication,Coupling & Dependency Management,Garante o acoplamento fraco e controle de dependências entre componentes em Macro-Architecture Conformance Checking.
CR105,"Repositories shall access only Entities, Value Objects, or Aggregate Roots.",S24,Micro-Architecture Conformance Checking,Data Management,Persistence Layer Purity & Encapsulation,Preserva a soberania e o isolamento dos dados de cada componente no nível Micro-Architecture Conformance Checking.
CR106,Repositories shall not define attributes.,S24,Micro-Architecture Conformance Checking,Data Management,Persistence Layer Purity & Encapsulation,Preserva a soberania e o isolamento dos dados de cada componente no nível Micro-Architecture Conformance Checking.
CR107,Repositories shall not implement multiple DDD patterns simultaneously.,S24,Micro-Architecture Conformance Checking,Data Management,Persistence Layer Purity & Encapsulation,Preserva a soberania e o isolamento dos dados de cada componente no nível Micro-Architecture Conformance Checking.
CR108,Repositories shall specify the object they access.,S24,Micro-Architecture Conformance Checking,Data Management,Persistence Layer Purity & Encapsulation,Preserva a soberania e o isolamento dos dados de cada componente no nível Micro-Architecture Conformance Checking.
CR109,Server nodes shall enforce inbound traffic filtering through virtual firewalls.,S16,Inter-Service Compliance Checking,Security,Network Security & Traffic Protection,Garante o controle de acesso e proteção das fronteiras físicas e virtuais no escopo Inter-Service Compliance Checking.
CR110,Server nodes shall restrict outbound network traffic to prevent external attacks and data leakage.,S16,Inter-Service Compliance Checking,Security,Network Security & Traffic Protection,Garante o controle de acesso e proteção das fronteiras físicas e virtuais no escopo Inter-Service Compliance Checking.
CR111,"Servers shall collect application logs for availability, debugging, and resource monitoring.",S16,Inter-Service Compliance Checking,Operational Resilience & Observability,Distributed Telemetry & Observability,Regula o monitoramento e rastreabilidade necessários para manter a visibilidade operacional em Inter-Service Compliance Checking.
CR112,Service coupling shall not increase during system evolution.,S13,Inter-Service Compliance Checking,Inter-Service Communication,Coupling & Dependency Management,Garante o acoplamento fraco e controle de dependências entre componentes em Inter-Service Compliance Checking.
CR113,Services belonging to different domains shall communicate through Web Services.,S01,Bondary Architecture Checking,Inter-Service Communication,Coupling & Dependency Management,Garante o acoplamento fraco e controle de dependências entre componentes em Macro-Architecture Conformance Checking.
CR114,Services belonging to different modules of the same application shall communicate through local EJBs.,S01,Micro-Architecture Conformance Checking,Inter-Service Communication,Coupling & Dependency Management,Garante o acoplamento fraco e controle de dependências entre componentes em Micro-Architecture Conformance Checking.
CR115,Services within the same module shall communicate through local EJBs.,S01,Micro-Architecture Conformance Checking,Inter-Service Communication,Coupling & Dependency Management,Garante o acoplamento fraco e controle de dependências entre componentes em Micro-Architecture Conformance Checking.
CR116,The circuit breaker shall open after three consecutive failed remote calls.,S09,Inter-Service Compliance Checking,Operational Resilience & Observability,Fault Tolerance & Self-Healing,Mitiga falhas e garante alta disponibilidade sob o escopo Inter-Service Compliance Checking.
CR117,The circuit breaker shall remain open for five seconds before retrying.,S09,Inter-Service Compliance Checking,Operational Resilience & Observability,Fault Tolerance & Self-Healing,Mitiga falhas e garante alta disponibilidade sob o escopo Inter-Service Compliance Checking.
CR118,The system shall not use plain-text authentication or exposed shared secrets.,S16,Inter-Service Compliance Checking,Security,Network Security & Traffic Protection,Garante o controle de acesso e proteção das fronteiras físicas e virtuais no escopo Inter-Service Compliance Checking.
CR119,The system shall support Single Sign-On (SSO) across system components.,S16,Inter-Service Compliance Checking,Security,Identity & Access Management (IAM),Garante o controle de acesso e proteção das fronteiras físicas e virtuais no escopo Inter-Service Compliance Checking.
CR120,The system shall support analytics tools for monitoring and performance analysis.,S16,Inter-Service Compliance Checking,Operational Resilience & Observability,Distributed Telemetry & Observability,Regula o monitoramento e rastreabilidade necessários para manter a visibilidade operacional em Inter-Service Compliance Checking.
CR121,The system shall use SSL/TLS-based or token-based authentication for identity verification and communication encryption.,S16,Inter-Service Compliance Checking,Security,Identity & Access Management (IAM),Garante o controle de acesso e proteção das fronteiras físicas e virtuais no escopo Inter-Service Compliance Checking.
CR122,Value Objects shall be immutable.,S24,Micro-Architecture Conformance Checking,Domain Boundary,Tactical DDD Pattern Enforcement,Aplica as restrições de DDD para isolar o coração do negócio em Micro-Architecture Conformance Checking.
CR123,Value Objects shall not be Entities.,S27,Micro-Architecture Conformance Checking,Domain Boundary,Tactical DDD Pattern Enforcement,Aplica as restrições de DDD para isolar o coração do negócio em Micro-Architecture Conformance Checking.
CR124,Value Objects shall not have an identity.,S24,Micro-Architecture Conformance Checking,Domain Boundary,Tactical DDD Pattern Enforcement,Aplica as restrições de DDD para isolar o coração do negócio em Micro-Architecture Conformance Checking.
CR125,Write operations between microservices shall be asynchronous.,S20,Inter-Service Compliance Checking,Inter-Service Communication,Asynchronous & Non-Blocking Interaction,Evita acoplamento temporal e bloqueios de thread na comunicação entre microsserviços.